url,label
https://static-dropbox.com/news/world,0
https://www.nytimes.com/account,0
http://paypal-update-eiqcmvpqjgcgjbjvzuquq.gq/billing/invoice.php,1
http://gov-refund-account-yldywibmepwkaseffhxaq.ml/verify-account,1
https://paypal.com.paypa1-account.ml/billing/invoice.php,1
https://www.nytimes.com/news/world,0
https://m.apple.com/en/index.html,0
http://paypal.com.apple-login.cf/win-prize.html,1
http://paypa1-signin.work/verify-account,1
https://google-billing.gq/track-package?id=,1
http://flipkart-verify.xyz/track-package?id=,1
http://instagram-alert-ndecrffjtdgvtnm.work/account/suspended,1
https://mail.bbc.com/help/faq,0
https://www.netflix.com/account,0
https://m.hdfcbank.com/help/faq,0
https://mail.dropbox.com/home,0
https://mail.coursera.org/docs/getting-started,0
http://amazon.com.apple-login.work/index.html?redirect=paypal.com,1
https://www.coursera.org/account/update-details,0
http://168.24.181.25/confirm?user=1&pass=2,1
https://www.irctc.co.in/products,0
https://shop-irctc.co.in/,0
https://www.amazon.com/login,0
http://amazon.com.facebook-billing.cf/confirm?user=1&pass=2,1
https://mail.spotify.com/news/world,0
http://wellsfargo-account-uiwtvuzfcfhlxbosdo.gq/reset-password,1
https://www.amazon.com/user/settings,0
https://www.khanacademy.org/signin,0
http://whatsapp-support.cf/secure/update.php,1
http://icici-update-snmpzthpoykjudbzcyruf.net/index.html?redirect=paypal.com,1
https://goo.gl/qebwuwq,1
https://myntra.com/signin,0
https://mail.hdfcbank.com/news/world,0
https://mail.netflix.com/account,0
https://dhl-account-b-rxhtyieuyvvqrstr-hlkatpftgov.ml/index.html?redirect=paypal.com,1
https://fedex-account.com,1
http://facebook-account.tk/index.html?redirect=paypal.com,1
https://www.irctc.co.in/help/faq,0
https://apple.com.fedex-secure.ml/claim-reward,1
http://bit.ly/jssuuqo,1
http://fedex-verify-bxeeuysduaxabjyezavtrggyiw.info/reset-password,1
https://nytimes.com/search?q=weather,0
https://www.stackoverflow.com/login,0
http://hdfcbank.com.apple-confirm.info/billing/invoice.php,1
http://amazon-update.ml/reset-password,1
https://www.adobe.com/account,0
https://microsoft-verify.cf/login,1
https://m.myntra.com/blog/2024/updates,0
http://t.co/stqmgvu,1
https://www.microsoft.com/user/settings,0
https://apple.com.hdfcbank-update.cf/confirm?user=1&pass=2,1
http://hdfcbank.com.amazon-billing.tk/verify-account,1
https://www.github.com,0
https://netflix.com/home,0
http://tinyurl.com/ncildzm,1
https://mit.edu/search?q=weather,0
https://185.140.109.137/reset-password,1
https://www.dropbox.com/about,0
https://mail.github.com/,0
https://reddit.com/help/faq,0
https://mail.sbi.co.in/en/index.html,0
https://amazon.com/account,0
https://adobe.com/about,0
https://hdfcbank-support.tk/secure/update.php,1
https://m.flipkart.com/news/world,0
https://m.flipkart.com/account,0
https://m.adobe.com/about,0
https://sbi.co.in/docs/getting-started,0
https://static-reddit.com/news/world,0
https://myntra.com/login,0
https://chase-account-vcdfwsfamdgwxocueldytmnamgh.top/track-package?id=,1
https://mail.linkedin.com/home,0
http://paypa1-login-voeydzikqwqnnnpmaicliyxqq.net/login,1
http://google-login-rekypxdncjag--sudeppxdtzbughgs.info/claim-reward,1
http://tinyurl.com/jzr5swk,1
https://www.wikipedia.org/,0
https://www.dropbox.com/products,0
http://paypal-support-wjeusamzmfahyjcqitgnjhytffw.top/win-prize.html,1
https://spotify.com/docs/getting-started,0
https://amazon.com/news/world,0
https://whatsapp-support.com/,1
https://www.who.int,0
http://instagram-secure-mhmghbuscjo-powwloxm.top/account/suspended,1
https://www.adobe.com/home,0
https://167.43.113.90/login,1
https://m.yahoo.com/user/settings,0
http://118.178.104.223/win-prize.html,1
http://hdfcbank.com.chase-billing.gq/confirm?user=1&pass=2,1
https://www.amazon.com/help/faq,0
https://whatsapp-alert.ml/win-prize.html,1
http://gov-refund-login-bsuvyfyejcwzzjen.xyz/reset-password,1
https://chase-login-pmaahzwmrylnsgdh-buppxqmsdnpwe.xyz/index.html?redirect=paypal.com,1
https://icici-update.com/,1
https://www.mit.edu/,0
http://flipkart-support-ukdxdgvzcnvvqsbkrvwmqchkqt.gq/index.html?redirect=paypal.com,1
https://m.khanacademy.org/help/faq,0
https://www.nytimes.com/about,0
https://microsoft-verify.com/,1
https://mit.edu/help/faq,0
http://fedex-update.gq/account/suspended,1
https://gov-refund-login-hwzkwimgzduccmidjummxc.cf/billing/invoice.php,1
https://m.nytimes.com/login,0
https://www.apple.com/signin,0
http://paypal-alert-lbggicsxdeobrlnlamaipicns.club/billing/invoice.php,1
http://bit.ly/srnkzcr,1
https://cdn1-spotify.com/,0
https://m.irctc.co.in/signin,0
https://static-myntra.com/products,0
https://m.spotify.com,0
https://80.6.148.195/win-prize.html,1
https://www.stackoverflow.com,0
http://irctc-support-rvdkqicen-wuwsvimths.com/login,1
http://apple.com.icici-verify.info/reset-password,1
https://who.int/search?q=weather,0
https://icici-update-oueavpgut-cbkqjbrditm-v.info/verify-account,1
http://rb.gy/wh0mx1e,1
http://amazon.com.bankofamerica-account.info/account/suspended,1
http://apple-login-qpatrhcm-xewqvwerhtjmpgkcfx.cf/secure/update.php,1
http://bit.ly/c7jjy94,1
http://paypal.com.chase-account.info/account/suspended,1
https://flipkart.com/signin,0
http://apple.com.apple-signin.xyz/billing/invoice.php,1
https://www.stackoverflow.com/home,0
http://wellsfargo-billing.gq/verify-account,1
https://instagram-confirm.com,1
http://fedex-login-wb-oktpnrbhkiwmlqbndwmtdvzsdl.work/claim-reward,1
https://www.flipkart.com/about,0
http://124.164.77.51/verify-account,1
https://www.github.com/account/update-details,0
https://m.reddit.com/en/index.html,0
https://bankofamerica-account.com/,1
https://api-dropbox.com/,0
https://m.google.com/search?q=weather,0
https://www.linkedin.com/home,0
http://netflix-billing-rpggcndreekcxipmsqh-xfeuqxcoa.ml/billing/invoice.php,1
https://www.yahoo.com/products,0
https://www.nytimes.com/about,0
https://linkedin.com/help/faq,0
http://152.58.133.175/verify-account,1
https://sbi-verify-igy-z-qubgqikk-p.tk/verify-account,1
https://mail.dropbox.com/user/settings,0
http://is.gd/gfjdlog,1
http://paypal-verify.info/account/suspended,1
http://rb.gy/r7s20cv,1
https://microsoft.com/user/settings,0
https://www.flipkart.com/watch?v=abc123,0
https://coursera.org/watch?v=abc123,0
https://m.linkedin.com/about,0
https://news-hdfcbank.com/account/update-details,0
https://www.who.int/account/update-details,0
https://www.mit.edu/help/faq,0
https://www.myntra.com/search?q=weather,0
https://mail.reddit.com/news/world,0
https://m.google.com/,0
http://bankofamerica-confirm.xyz/login,1
https://mail.adobe.com,0
https://tinyurl.com/36u8uei,1
https://www.microsoft.com/home,0
https://www.mit.edu/docs/getting-started,0
https://www.amazon.com/search?q=weather,0
https://www.reddit.com/en/index.html,0
http://t.co/yrid3dn,1
https://www.bbc.com/home,0
https://hdfcbank.com/user/settings,0
https://mail.bbc.com/signin,0
http://is.gd/oemqgy2,1
https://www.who.int/docs/getting-started,0
https://google-verify.com,1
http://19.140.121.47/index.html?redirect=paypal.com,1
http://hdfcbank.com.bankofamerica-confirm.info/reset-password,1
https://mail.adobe.com/en/index.html,0
https://facebook-account.com/index.html,1
https://wellsfargo-account.info/billing/invoice.php,1
http://bit.ly/2bajdm5,1
http://fedex-billing-hvtstogipwjctwcbxmmjopok.top/track-package?id=,1
http://amazon.com.chase-confirm.club/secure/update.php,1
https://www.dropbox.com/blog/2024/updates,0
http://paypa1-support.ml/win-prize.html,1
https://187.99.90.247/verify-account,1
https://api-myntra.com/watch?v=abc123,0
http://153.9.115.154/verify-account,1
https://www.dropbox.com/login,0
https://chase-support.xyz/account/suspended,1
https://apple.com.chase-login.work/account/suspended,1
https://static-nytimes.com/signin,0
https://hdfcbank.com.facebook-secure.info/index.html?redirect=paypal.com,1
https://irctc.co.in,0
http://bit.ly/ny2et9m,1
http://tinyurl.com/gnnv9ib,1
http://icici-account.ml/index.html?redirect=paypal.com,1
https://apple-update.club/track-package?id=,1
http://apple.com.microsoft-support.ml/login,1
https://whatsapp-support.com/index.html,1
http://52.28.125.50/secure/update.php,1
http://flipkart-verify-ptbyinuasji--hbgk--zzgjkdtosx.info/secure/update.php,1
http://netflix-alert-tlrnitpyqjrvktheaspw.cf/index.html?redirect=paypal.com,1
http://209.206.236.179/secure/update.php,1
https://www.netflix.com/help/faq,0
http://apple.com.microsoft-update.gq/verify-account,1
http://t.co/z3a8v4x,1
http://rb.gy/1s9ryll,1
https://244.116.84.243/win-prize.html,1
http://t.co/loeazc0,1
https://www.microsoft.com/search?q=weather,0
https://hdfcbank.com.flipkart-secure.work/index.html?redirect=paypal.com,1
https://news-adobe.com/signin,0
http://fedex-update.xyz/reset-password,1
https://www.dropbox.com/docs/getting-started,0
https://sbi.co.in/search?q=weather,0
https://bankofamerica-verify.com,1
http://87.52.153.217/account/suspended,1
https://www.adobe.com/products,0
https://www.adobe.com/help/faq,0
https://api-netflix.com/signin,0
https://www.sbi.co.in/news/world,0
https://adobe.com,0
https://www.google.com/search?q=weather,0
https://adobe.com/about,0
http://is.gd/ba5mf36,1
https://www.microsoft.com/account/update-details,0
http://amazon.com.amazon-support.tk/login,1
https://khanacademy.org/search?q=weather,0
https://apple.com.wellsfargo-account.tk/billing/invoice.php,1
https://chase-login.com/,1
http://159.59.31.144/billing/invoice.php,1
https://www.spotify.com/account,0
https://www.wikipedia.org/,0
https://www.github.com,0
https://www.coursera.org/account,0
http://t.co/ervt997,1
https://www.netflix.com/signin,0
http://226.144.112.102/confirm?user=1&pass=2,1
https://www.wikipedia.org/account/update-details,0
http://gov-refund-login-exqtaqksoiusqpfsqjznyjbkmbj.cf/reset-password,1
https://bit.ly/fk9sm7v,1
https://shop-who.int/home,0
http://paypa1-secure-rcnicjir-wstjafsjvtbll.gq/track-package?id=,1
https://200.162.98.14/login,1
https://m.dropbox.com/signin,0
http://is.gd/xzuu80m,1
https://cdn1-who.int/products,0
https://mail.reddit.com/products,0
https://api-reddit.com/products,0
http://irctc-alert-lujkmp-svtvoxfvtmaldy.club/secure/update.php,1
https://www.nytimes.com/,0
https://mail.wikipedia.org/home,0
http://bit.ly/stn3cpu,1
https://my-irctc.co.in/docs/getting-started,0
http://chase-login-ekmfjhjaphcmlufhevzypogloxfmm.gq/billing/invoice.php,1
https://m.flipkart.com/account/update-details,0
https://api-irctc.co.in/products,0
https://apple-update-vuoqcggukafkkrzeivtyyqjcj.xyz/login,1
http://apple.com.netflix-secure.tk/confirm?user=1&pass=2,1
http://204.253.87.143/billing/invoice.php,1
https://mail.sbi.co.in/search?q=weather,0
http://162.132.148.62/claim-reward,1
http://bankofamerica-support-icc-uoqfqfswfwxulwbsa.com/login,1
https://irctc-confirm.tk/track-package?id=,1
https://apple.com/news/world,0
https://www.netflix.com/account/update-details,0
https://mail.linkedin.com/products,0
https://www.khanacademy.org/user/settings,0
https://www.adobe.com/products,0
https://my-myntra.com/account,0
https://www.sbi.co.in/help/faq,0
https://m.stackoverflow.com/about,0
http://75.202.176.78/claim-reward,1
https://sbi.co.in/docs/getting-started,0
http://139.179.126.49/claim-reward,1
http://hdfcbank.com.google-login.work/confirm?user=1&pass=2,1
https://www.yahoo.com/watch?v=abc123,0
http://paypal.com.flipkart-account.top/account/suspended,1
https://instagram-alert-cwxyradeokpfsipy.com/reset-password,1
http://162.245.38.223/index.html?redirect=paypal.com,1
http://is.gd/n16uxf5,1
https://mail.yahoo.com/help/faq,0
http://113.222.255.31/account/suspended,1
http://flipkart-signin.ml/win-prize.html,1
https://google-support.com,1
http://tinyurl.com/t1ntmjs,1
https://dropbox.com/watch?v=abc123,0
https://api-bbc.com/news/world,0
http://goo.gl/m25len6,1
https://irctc-signin.com/index.html,1
https://www.amazon.com/blog/2024/updates,0
https://apple.com/search?q=weather,0
https://m.flipkart.com/blog/2024/updates,0
https://news-reddit.com/blog/2024/updates,0
https://irctc.co.in,0
https://133.201.211.185/account/suspended,1
https://paypa1-signin.com,1
http://chase-confirm.ml/account/suspended,1
https://wikipedia.org/home,0
http://gov-refund-account-uuzmmpadbr-sgiznawgcswczmjyhzs.gq/reset-password,1
https://www.adobe.com/login,0
https://paypa1-billing.cf/track-package?id=,1
http://181.242.170.102/verify-account,1
http://fedex-billing-lwhpqzqntnvxghfdmvtfqlbj.net/verify-account,1
https://bankofamerica-signin.com,1
http://202.8.125.132/secure/update.php,1
https://fedex-verify-pggenbfsl-pjsesttwdqicmikqs.work/index.html?redirect=paypal.com,1
https://mail.linkedin.com/news/world,0
https://amazon.com/news/world,0
http://164.210.101.20/claim-reward,1
https://wikipedia.org/help/faq,0
https://m.mit.edu/watch?v=abc123,0
https://static-wikipedia.org/about,0
https://www.reddit.com/watch?v=abc123,0
https://www.hdfcbank.com/account,0
http://amazon.com.google-billing.info/win-prize.html,1
http://amazon-account-modkvozdsyvtkzo.club/reset-password,1
https://mail.reddit.com/login,0
http://sbi-login-ayrzwmrjuywvbqotw.gq/account/suspended,1
https://www.wikipedia.org/products,0
http://paypal-login-qagvi-rlkjgmswkcnrwk.com/reset-password,1
https://www.amazon.com/about,0
https://paypa1-login.cf/secure/update.php,1
https://www.stackoverflow.com/login,0
http://apple.com.microsoft-confirm.ml/billing/invoice.php,1
https://khanacademy.org/account,0
http://paypal.com.apple-billing.club/confirm?user=1&pass=2,1
https://hdfcbank.com/account,0
https://irctc-billing.work/reset-password,1
https://apple.com.irctc-support.cf/claim-reward,1
http://114.191.240.211/billing/invoice.php,1
https://m.wikipedia.org/docs/getting-started,0
https://gov-refund-support.com/index.html,1
http://hdfcbank.com.fedex-login.gq/index.html?redirect=paypal.com,1
https://m.myntra.com/login,0
https://news-nytimes.com/products,0
https://instagram-login.com,1
https://google-login.com/dashboard,1
https://m.flipkart.com/login,0
https://paypal.com.facebook-secure.gq/win-prize.html,1
http://hdfcbank-billing-sbklvs-bufxxlgrtjptftfm.info/billing/invoice.php,1
http://instagram-verify-ihzqmpurdjgrygbxkvdgtanun.gq/account/suspended,1
http://paypal.com.paypal-update.xyz/index.html?redirect=paypal.com,1
https://mail.linkedin.com/home,0
https://hdfcbank.com.hdfcbank-signin.info/verify-account,1
https://www.dropbox.com/home,0
https://mail.mit.edu/login,0
https://www.amazon.com/,0
https://m.coursera.org/user/settings,0
https://www.stackoverflow.com/signin,0
https://mail.nytimes.com/news/world,0
https://www.bbc.com/,0
http://hdfcbank.com.fedex-secure.gq/account/suspended,1
http://flipkart-support.tk/login,1
https://icici-confirm-kbbhv-sdbvfojmq.ml/login,1
https://m.wikipedia.org/en/index.html,0
https://60.18.182.39/secure/update.php,1
https://www.dropbox.com/signin,0
https://www.microsoft.com/help/faq,0
https://microsoft-signin.com,1
http://amazon.com.icici-login.cf/verify-account,1
https://github.com/docs/getting-started,0
https://www.spotify.com/login,0
https://news-github.com/watch?v=abc123,0
http://amazon.com.gov-refund-billing.info/index.html?redirect=paypal.com,1
https://amazon-account.com/index.html,1
https://google.com/about,0
http://211.74.166.42/billing/invoice.php,1
http://rb.gy/lt8dtm4,1
http://gov-refund-login.tk/claim-reward,1
https://m.apple.com/search?q=weather,0
http://tinyurl.com/gqfqe6r,1
http://t.co/07lp7df,1
https://fedex-billing.com,1
https://paypal-update.ml/confirm?user=1&pass=2,1
http://apple-secure.tk/index.html?redirect=paypal.com,1
https://dropbox.com/,0
http://paypa1-confirm-vjss-qip-qlemvbfaggqg.gq/account/suspended,1
https://m.coursera.org/,0
http://16.159.164.171/reset-password,1
https://mail.hdfcbank.com/en/index.html,0
https://m.nytimes.com/docs/getting-started,0
https://mail.dropbox.com/account,0
https://paypa1-support-yxpheunkudolzajxumdniaskcjxfhh.top/account/suspended,1
https://stackoverflow.com/about,0
https://www.hdfcbank.com/search?q=weather,0
http://amazon.com.sbi-confirm.club/login,1
https://news-microsoft.com/en/index.html,0
https://is.gd/scyozpn,1
http://amazon.com.chase-alert.gq/reset-password,1
https://shop-netflix.com/products,0
https://dhl-signin.com/home,1
http://hdfcbank.com.hdfcbank-login.cf/account/suspended,1
https://hdfcbank-alert.com/,1
https://m.microsoft.com/watch?v=abc123,0
http://paypa1-update.club/verify-account,1
https://mail.adobe.com/watch?v=abc123,0
https://news-yahoo.com/signin,0
https://www.dropbox.com/products,0
https://microsoft.com/en/index.html,0
https://mail.nytimes.com/user/settings,0
https://mail.adobe.com/account,0
https://www.mit.edu/watch?v=abc123,0
http://flipkart-support-wlzllxadxitnrjgluusippad.ml/reset-password,1
https://google-signin.info/secure/update.php,1
https://www.sbi.co.in/home,0
https://wellsfargo-verify.com/home,1
https://api-wikipedia.org/about,0
https://mail.linkedin.com/en/index.html,0
https://news-dropbox.com/help/faq,0
https://www.linkedin.com/products,0
http://gov-refund-alert.work/confirm?user=1&pass=2,1
https://static-khanacademy.org/login,0
https://apple.com.google-update.top/track-package?id=,1
https://www.yahoo.com/news/world,0
http://paypa1-secure.work/account/suspended,1
https://66.184.48.4/reset-password,1
https://my-flipkart.com/products,0
https://apple-billing.ml/track-package?id=,1
https://nytimes.com/home,0
https://rb.gy/yk03o4g,1
https://www.hdfcbank.com/,0
http://icici-update.club/verify-account,1
https://www.sbi.co.in/news/world,0
http://paypal-support.info/secure/update.php,1
https://shop-yahoo.com/blog/2024/updates,0
https://m.spotify.com/account,0
https://microsoft-login.com/index.html,1
https://m.amazon.com/en/index.html,0
https://www.yahoo.com/home,0
https://flipkart-update.com/index.html,1
http://dhl-confirm.top/index.html?redirect=paypal.com,1
http://hdfcbank.com.whatsapp-update.xyz/track-package?id=,1
https://myntra.com/account/update-details,0
https://amazon.com.paypal-confirm.xyz/account/suspended,1
http://paypal-support.club/secure/update.php,1
https://icici-verify.com/,1
https://m.mit.edu/login,0
http://135.17.68.183/billing/invoice.php,1
https://www.nytimes.com/help/faq,0
https://www.amazon.com/watch?v=abc123,0
http://51.118.30.68/account/suspended,1
https://mit.edu,0
https://static-yahoo.com/,0
https://www.flipkart.com/docs/getting-started,0
https://mail.coursera.org/products,0
http://flipkart-support-lhrqfaehcwiknrc.top/secure/update.php,1
https://hdfcbank.com.paypa1-alert.info/index.html?redirect=paypal.com,1
https://is.gd/985i0hi,1
http://apple.com.facebook-support.cf/index.html?redirect=paypal.com,1
http://115.139.250.42/secure/update.php,1
https://m.sbi.co.in/search?q=weather,0
http://hdfcbank-verify-i-pdwvuqjddlsolybcwquanaecr.top/confirm?user=1&pass=2,1
http://paypal.com.flipkart-confirm.tk/claim-reward,1
https://www.apple.com/,0
https://icici-confirm-tijwyqdkrxqqljvruxcoktxo.net/billing/invoice.php,1
https://mit.edu/docs/getting-started,0
https://static-hdfcbank.com/about,0
https://mail.stackoverflow.com/en/index.html,0
http://paypal.com.gov-refund-secure.gq/win-prize.html,1
https://www.adobe.com/search?q=weather,0
http://sbi-billing.ml/account/suspended,1
http://162.150.234.196/reset-password,1
https://dhl-verify.com/,1
https://instagram-login.com/,1
http://goo.gl/hf7vp1i,1
https://microsoft-verify.com/dashboard,1
http://icici-update.top/verify-account,1
https://m.sbi.co.in/signin,0
http://161.118.229.222/reset-password,1
https://hdfcbank.com.google-signin.cf/account/suspended,1
https://api-bbc.com/blog/2024/updates,0
https://paypal-account.info/claim-reward,1
https://m.netflix.com,0
https://mail.adobe.com/home,0
https://apple-support-olpyvysewcrqixlq.net/login,1
http://35.162.132.11/track-package?id=,1
http://netflix-billing.club/confirm?user=1&pass=2,1
https://www.adobe.com/products,0
https://mail.myntra.com/products,0
https://102.56.248.110/verify-account,1
https://my-wikipedia.org/login,0
https://mail.flipkart.com/search?q=weather,0
https://paypa1-confirm.com/,1
http://hdfcbank.com.gov-refund-verify.gq/verify-account,1
http://is.gd/l0mvzmu,1
https://is.gd/c1gra47,1
https://whatsapp-login.com,1
http://whatsapp-confirm-zytrxtpvtpdpfqpb.top/confirm?user=1&pass=2,1
https://m.linkedin.com/blog/2024/updates,0
https://m.amazon.com/watch?v=abc123,0
https://www.hdfcbank.com/products,0
http://t.co/l9lcqh1,1
https://www.irctc.co.in/watch?v=abc123,0
http://gov-refund-update-gqhdnpntvvqekxukoetonzmpr.cf/claim-reward,1
http://wellsfargo-confirm-y-ap-chalpqtklfedowjlhxdar.tk/secure/update.php,1
https://apple.com.paypal-alert.info/account/suspended,1
https://www.google.com/user/settings,0
https://m.coursera.org/help/faq,0
https://static-adobe.com/account/update-details,0
https://m.who.int/watch?v=abc123,0
http://is.gd/w1yf0dw,1
http://180.167.34.4/login,1
https://www.amazon.com/account,0
https://www.yahoo.com/products,0
https://www.dropbox.com/blog/2024/updates,0
https://t.co/jz6us7r,1
https://m.mit.edu/help/faq,0
https://m.yahoo.com/search?q=weather,0
http://169.196.231.166/secure/update.php,1
https://wellsfargo-login.com/,1
https://rb.gy/zqii4w6,1
https://www.github.com/home,0
https://t.co/04cdpqv,1
http://paypal.com.instagram-confirm.tk/track-package?id=,1
http://paypal.com.fedex-login.tk/track-package?id=,1
http://226.134.187.201/track-package?id=,1
https://who.int/home,0
https://50.28.27.4/account/suspended,1
https://my-sbi.co.in/account/update-details,0
http://amazon-account-wt-xfnvxzr-thrifzi.net/verify-account,1
https://mail.flipkart.com/about,0
https://mail.hdfcbank.com/en/index.html,0
https://tinyurl.com/rq8stzq,1
https://irctc.co.in/about,0
https://211.254.206.114/account/suspended,1
https://www.coursera.org,0
https://mail.wikipedia.org/docs/getting-started,0
https://shop-khanacademy.org/,0
https://m.microsoft.com/news/world,0
https://static-adobe.com/account,0
https://www.linkedin.com/user/settings,0
https://amazon-support.com/index.html,1
https://www.google.com/account/update-details,0
http://dhl-login.cf/confirm?user=1&pass=2,1
https://35.92.42.14/reset-password,1
https://www.coursera.org/account,0
https://www.wikipedia.org/login,0
http://goo.gl/3eh81a4,1
https://icici-update-qsjr-chkskfasyotppjwg.info/login,1
https://mail.linkedin.com,0
https://www.mit.edu/about,0
https://www.wikipedia.org/user/settings,0
https://www.reddit.com/help/faq,0
https://my-linkedin.com/account,0
https://irctc-account.top/index.html?redirect=paypal.com,1
https://www.github.com/user/settings,0
http://apple-update.cf/verify-account,1
https://my-reddit.com/docs/getting-started,0
http://paypal.com.fedex-update.gq/verify-account,1
https://my-coursera.org/news/world,0
https://static-sbi.co.in/docs/getting-started,0
http://apple-signin-touwb-rmsjxvre-lybdeeitjzy.xyz/verify-account,1
https://www.sbi.co.in/help/faq,0
https://mail.myntra.com/help/faq,0
https://www.hdfcbank.com/news/world,0
https://news-reddit.com/home,0
http://irctc-support-psfdsyylyurpebotewd.gq/claim-reward,1
https://sbi-secure-iteeibzqrnpjvif.xyz/secure/update.php,1
https://nytimes.com/,0
https://mail.nytimes.com/user/settings,0
https://www.who.int/signin,0
http://netflix-account-qvw-jleoysmgaccpnzvct.work/verify-account,1
https://www.bbc.com,0
http://amazon.com.gov-refund-billing.tk/confirm?user=1&pass=2,1
https://microsoft.com,0
https://www.spotify.com/search?q=weather,0
http://paypa1-login.xyz/confirm?user=1&pass=2,1
https://m.coursera.org,0
https://www.irctc.co.in/watch?v=abc123,0
http://tinyurl.com/j70e3p1,1
https://www.spotify.com/,0
https://my-github.com/docs/getting-started,0
https://www.amazon.com/products,0
https://github.com/about,0
http://bit.ly/jzowi1t,1
https://whatsapp-support.com/,1
https://www.microsoft.com/user/settings,0
http://apple.com.chase-account.info/account/suspended,1
http://goo.gl/qnngs2w,1
https://apple-update.com/home,1
https://149.84.108.51/reset-password,1
https://mail.dropbox.com/docs/getting-started,0
https://apple-confirm.cf/secure/update.php,1
http://169.126.135.160/win-prize.html,1
https://www.reddit.com/user/settings,0
http://apple-signin-tnlkvscncuskfjg.tk/login,1
https://www.nytimes.com/blog/2024/updates,0
https://m.adobe.com/,0
https://bankofamerica-alert.com/,1
https://m.coursera.org/en/index.html,0
https://www.mit.edu/docs/getting-started,0
https://mail.dropbox.com/watch?v=abc123,0
https://irctc-confirm.com/index.html,1
https://www.reddit.com/help/faq,0
https://mit.edu/user/settings,0
https://m.hdfcbank.com/en/index.html,0
http://gov-refund-secure-ehyggippfcinnyswcrbvkvyjxl.work/verify-account,1
https://www.reddit.com/blog/2024/updates,0
https://fedex-confirm-kc-mzakmhipphjgsm.top/billing/invoice.php,1
http://icici-signin.cf/win-prize.html,1
https://reddit.com/watch?v=abc123,0
http://76.170.128.126/reset-password,1
https://www.flipkart.com/signin,0
https://www.who.int/docs/getting-started,0
http://amazon.com.irctc-verify.xyz/confirm?user=1&pass=2,1
http://amazon-billing-ortuxsuuiynlbkmnwmowym.top/confirm?user=1&pass=2,1
https://93.22.135.182/reset-password,1
https://instagram-confirm.gq/confirm?user=1&pass=2,1
https://www.khanacademy.org/home,0
http://hdfcbank-secure-orsajuktif-lz-dhbgwlym.tk/login,1
https://apple-account.ml/track-package?id=,1
http://88.155.197.158/confirm?user=1&pass=2,1
https://www.flipkart.com/signin,0
https://www.irctc.co.in/login,0
https://instagram-account.com/index.html,1
https://microsoft-login.com/dashboard,1
http://tinyurl.com/19xp9n5,1
https://www.myntra.com/en/index.html,0
https://mit.edu/docs/getting-started,0
https://www.microsoft.com/,0
https://my-bbc.com/account,0
https://mail.nytimes.com/docs/getting-started,0
https://m.adobe.com/account/update-details,0
https://mail.amazon.com/help/faq,0
https://m.bbc.com/blog/2024/updates,0
https://shop-apple.com/products,0
https://www.spotify.com/,0
https://mail.yahoo.com/blog/2024/updates,0
http://facebook-confirm.tk/win-prize.html,1
https://mail.netflix.com/search?q=weather,0
https://chase-secure-dsazcaiesluyxtbdfiroieyjjut.net/claim-reward,1
http://rb.gy/42x2ezc,1
http://goo.gl/vlz049e,1
http://rb.gy/ikpqahc,1
https://my-apple.com/signin,0
https://linkedin.com,0
https://amazon-confirm.com/dashboard,1
http://whatsapp-verify-llbjmgsenqohlymedywo.gq/billing/invoice.php,1
http://fedex-signin-fseklhcjzdtlymsdtfxvhndxq-hsl.ml/win-prize.html,1
http://180.138.203.28/win-prize.html,1
https://www.flipkart.com/products,0
https://paypal-secure.ml/index.html?redirect=paypal.com,1
http://hdfcbank-billing-zawvfuxhbiqzjmroydnh.club/login,1
http://apple.com.wellsfargo-verify.club/win-prize.html,1
https://www.spotify.com/search?q=weather,0
http://134.40.31.96/index.html?redirect=paypal.com,1
https://www.github.com/help/faq,0
https://m.myntra.com/help/faq,0
https://www.spotify.com/login,0
https://mail.myntra.com/help/faq,0
https://mail.amazon.com/en/index.html,0
https://www.flipkart.com/,0
https://www.bbc.com/en/index.html,0
https://www.irctc.co.in/account/update-details,0
https://mail.google.com/help/faq,0
http://wellsfargo-billing.ml/account/suspended,1
https://m.apple.com/home,0
https://m.mit.edu/,0
https://www.who.int/account,0
https://www.apple.com/account,0
http://249.46.98.155/win-prize.html,1
http://amazon.com.hdfcbank-account.cf/secure/update.php,1
https://static-adobe.com/en/index.html,0
https://www.reddit.com/help/faq,0
http://hdfcbank-billing-mvjpihaqavhvmjpgeggovtuzp.net/login,1
http://paypal.com.google-login.tk/reset-password,1
http://apple.com.chase-support.gq/billing/invoice.php,1
http://142.41.85.144/claim-reward,1
https://icici-support.club/track-package?id=,1
https://t.co/xyur4so,1
https://www.apple.com/about,0
https://spotify.com/signin,0
http://7.103.159.216/verify-account,1
http://t.co/myfp9s8,1
https://sbi-signin-oplcusxasskpzwe.gq/win-prize.html,1
https://sbi.co.in/en/index.html,0
https://adobe.com/blog/2024/updates,0
https://wikipedia.org/blog/2024/updates,0
https://www.flipkart.com/help/faq,0
https://mail.stackoverflow.com/account/update-details,0
https://www.adobe.com/help/faq,0
https://static-who.int/account/update-details,0
http://amazon.com.flipkart-signin.ml/claim-reward,1
http://96.139.253.44/confirm?user=1&pass=2,1
https://mail.wikipedia.org/login,0
https://www.nytimes.com/news/world,0
https://t.co/kzuj2xo,1
http://tinyurl.com/odck828,1
http://irctc-confirm-vtp-gosehhdehivjztnqmdakwkx.club/login,1
http://gov-refund-support.work/win-prize.html,1
https://m.irctc.co.in/search?q=weather,0
https://www.coursera.org/news/world,0
https://www.bbc.com/login,0
http://apple-support-hbxgzrljriqswmi.work/account/suspended,1
http://80.164.246.180/claim-reward,1
https://irctc-confirm.com/,1
https://cdn1-reddit.com/account,0
https://204.160.118.17/billing/invoice.php,1
https://m.sbi.co.in/signin,0
https://www.wikipedia.org/,0
https://gov-refund-account.work/login,1
https://gov-refund-signin.club/track-package?id=,1
https://www.yahoo.com,0
https://yahoo.com,0
https://152.186.157.240/reset-password,1
https://www.irctc.co.in/en/index.html,0
http://flipkart-alert.xyz/verify-account,1
http://rb.gy/dtvv2y4,1
http://apple-verify-oziuyjlrnefwfevxwz-mohbctni.gq/login,1
https://apple.com.icici-confirm.gq/login,1
https://www.stackoverflow.com/signin,0
http://paypal.com.chase-account.info/verify-account,1
https://www.sbi.co.in/en/index.html,0
https://246.23.250.132/win-prize.html,1
https://www.reddit.com/login,0
https://wellsfargo-account.info/secure/update.php,1
http://236.23.13.28/index.html?redirect=paypal.com,1
https://www.myntra.com/login,0
https://www.who.int/about,0
https://icici-verify.com/dashboard,1
https://api-khanacademy.org,0
http://60.139.56.194/billing/invoice.php,1
http://tinyurl.com/nouhfj7,1
https://reddit.com/blog/2024/updates,0
https://146.157.60.153/index.html?redirect=paypal.com,1
http://chase-update-a-hdlacaflvnksa.cf/account/suspended,1
http://rb.gy/4poru09,1
https://mail.coursera.org/user/settings,0
https://rb.gy/os0fb4y,1
https://static-linkedin.com/help/faq,0
https://wikipedia.org/signin,0
https://adobe.com/signin,0
http://paypal.com.icici-secure.club/confirm?user=1&pass=2,1
https://www.myntra.com/help/faq,0
https://amazon.com.fedex-secure.info/verify-account,1
http://paypa1-verify.cf/verify-account,1
https://static-bbc.com/home,0
https://www.coursera.org/products,0
http://is.gd/hsa7hez,1
https://www.coursera.org/products,0
https://microsoft-account.com/dashboard,1
http://t.co/l1vznqd,1
http://252.198.43.112/account/suspended,1
https://mail.wikipedia.org/help/faq,0
http://155.219.105.29/account/suspended,1
https://www.yahoo.com/news/world,0
https://www.stackoverflow.com/account,0
https://mail.reddit.com/login,0
https://mail.khanacademy.org,0
https://github.com/login,0
https://www.adobe.com/news/world,0
http://hdfcbank.com.fedex-account.tk/reset-password,1
https://m.myntra.com/user/settings,0
https://m.who.int/,0
https://fedex-account-bbvbdvsmsxepyad.work/reset-password,1
http://143.141.1.212/billing/invoice.php,1
http://231.223.178.228/confirm?user=1&pass=2,1
http://145.116.231.87/track-package?id=,1
https://whatsapp-verify-slcvonroqzyo-wlrwigokoujmzaah.top/win-prize.html,1
https://dropbox.com/signin,0
https://m.github.com/watch?v=abc123,0
https://static-adobe.com/user/settings,0
http://icici-billing.info/win-prize.html,1
https://mail.apple.com/search?q=weather,0
https://apple-support.com/home,1
https://m.adobe.com/watch?v=abc123,0
http://amazon-secure.work/track-package?id=,1
https://mail.dropbox.com/about,0
https://shop-who.int/watch?v=abc123,0
https://208.204.17.148/index.html?redirect=paypal.com,1
https://mail.adobe.com/home,0
https://paypal-account.com/,1
https://wellsfargo-update-rozhfwwpcoipnzjeao.tk/reset-password,1
https://stackoverflow.com/search?q=weather,0
https://www.github.com/docs/getting-started,0
https://nytimes.com/about,0
http://52.165.227.205/secure/update.php,1
https://cdn1-flipkart.com/,0
http://microsoft-billing-hwyobehhjarkfaxugtrokonoqirco.net/account/suspended,1
http://microsoft-verify-rcm-ussugvhbk-gveb-fkrcolqclg.xyz/secure/update.php,1
https://amazon.com.paypal-confirm.ml/reset-password,1
https://www.coursera.org/account,0
http://149.124.247.177/account/suspended,1
http://dhl-support-ndfauahlu-ubz-xnimgkbtkiquq.cf/win-prize.html,1
https://flipkart-confirm.com/index.html,1
https://paypa1-signin-qvjagdocjuofurhfv.work/secure/update.php,1
https://amazon.com.gov-refund-signin.xyz/win-prize.html,1
http://amazon.com.whatsapp-billing.top/claim-reward,1
http://186.60.137.99/verify-account,1
https://google-verify.com/index.html,1
https://bbc.com/watch?v=abc123,0
https://www.adobe.com/signin,0
https://mail.dropbox.com/account,0
http://paypal.com.instagram-account.cf/reset-password,1
http://apple.com.hdfcbank-update.club/win-prize.html,1
https://www.dropbox.com/blog/2024/updates,0
http://apple-support-etctgqdwhjvimitfouoq-sskyo.gq/login,1
http://218.41.183.182/index.html?redirect=paypal.com,1
https://m.reddit.com/about,0
https://m.microsoft.com/login,0
https://wellsfargo-support-tlepvfaghvpunnpho-ouulfltrgx.work/billing/invoice.php,1
https://www.nytimes.com/about,0
http://icici-alert-wohb-kgucwcjbvmfv.work/billing/invoice.php,1
https://mail.yahoo.com,0
https://mail.microsoft.com/login,0
http://hdfcbank.com.bankofamerica-signin.info/account/suspended,1
https://mail.coursera.org/en/index.html,0
https://mail.nytimes.com/login,0
https://is.gd/e4e9oe9,1
http://tinyurl.com/e4lohhc,1
https://www.myntra.com/login,0
http://chase-account-ypazizputkcegwkyiud-tn.com/login,1
https://m.google.com/docs/getting-started,0
https://adobe.com/watch?v=abc123,0
https://www.mit.edu/account/update-details,0
http://paypal.com.whatsapp-update.work/billing/invoice.php,1
https://sbi-verify.cf/account/suspended,1
http://goo.gl/tcs1k9y,1
https://www.sbi.co.in/about,0
https://www.flipkart.com/home,0
https://google-secure.top/reset-password,1
http://tinyurl.com/p2fmr0t,1
https://is.gd/wjlsh3t,1
https://www.google.com/en/index.html,0
https://api-irctc.co.in/products,0
https://mail.amazon.com/about,0
http://4.36.133.73/account/suspended,1
https://hdfcbank-secure.com/dashboard,1
https://mail.netflix.com/help/faq,0
http://hdfcbank.com.whatsapp-support.ml/billing/invoice.php,1
https://www.khanacademy.org/search?q=weather,0
http://amazon.com.instagram-confirm.info/reset-password,1
https://www.who.int/account/update-details,0
https://m.amazon.com/home,0
https://m.mit.edu/signin,0
https://127.158.2.196/win-prize.html,1
https://www.adobe.com/,0
https://m.github.com/products,0
https://www.google.com/about,0
https://71.33.161.78/win-prize.html,1
https://www.mit.edu/products,0
https://mail.reddit.com/docs/getting-started,0
https://39.232.148.15/win-prize.html,1
https://www.microsoft.com/home,0
https://m.who.int/about,0
http://apple-verify-ghqdwarxim-ohm-seqrrpo.xyz/win-prize.html,1
https://www.yahoo.com/,0
https://sbi-verify.com/,1
http://t.co/sk7n8la,1
https://apple.com/en/index.html,0
https://www.linkedin.com/about,0
https://www.spotify.com/search?q=weather,0
http://hdfcbank.com.netflix-login.info/secure/update.php,1
https://www.amazon.com/products,0
http://amazon-alert.ml/account/suspended,1
https://paypal-secure.com/index.html,1
https://microsoft.com,0
https://irctc-secure-kilikwdfupnukdbmknlgxh-s.tk/login,1
http://is.gd/hydrgfr,1
https://api-linkedin.com/blog/2024/updates,0
https://microsoft-secure.com,1
https://www.sbi.co.in/blog/2024/updates,0
http://paypal.com.irctc-billing.club/confirm?user=1&pass=2,1
http://facebook-confirm-itowwhoerjrwnky.tk/reset-password,1
https://static-khanacademy.org/user/settings,0
https://irctc-billing.com/,1
https://amazon-update-sopqyoamypij-hesq.net/reset-password,1
https://wikipedia.org/,0
https://instagram-update.club/billing/invoice.php,1
https://static-bbc.com/about,0
https://goo.gl/y4io9p4,1
https://www.netflix.com/login,0
https://bankofamerica-login.com/home,1
https://sbi-update.com/dashboard,1
https://www.myntra.com/products,0
https://mail.myntra.com/blog/2024/updates,0
https://khanacademy.org/blog/2024/updates,0
http://instagram-alert-nnxlbraxoutgzxosqlt.com/track-package?id=,1
https://tinyurl.com/gxo05qp,1
http://173.85.65.78/account/suspended,1
https://goo.gl/1kcven3,1
https://m.google.com/en/index.html,0
https://cdn1-yahoo.com/account/update-details,0
https://irctc-update.com,1
https://mail.netflix.com/account/update-details,0
https://www.who.int/login,0
https://m.github.com/,0
https://mail.reddit.com/user/settings,0
https://www.spotify.com/help/faq,0
https://www.coursera.org/account,0
https://www.irctc.co.in/user/settings,0
https://google-support.com,1
https://amazon-billing.com/index.html,1
http://google-confirm.gq/billing/invoice.php,1
http://dhl-support.club/secure/update.php,1
http://dhl-support.xyz/confirm?user=1&pass=2,1
http://sbi-billing-gsorbltcuaozkzxmf-iryc.ml/index.html?redirect=paypal.com,1
https://www.google.com/watch?v=abc123,0
https://t.co/gg0yvgv,1
http://is.gd/5ivrocv,1
https://mail.myntra.com/help/faq,0
https://m.sbi.co.in/account/update-details,0
http://hdfcbank.com.netflix-confirm.cf/track-package?id=,1
https://microsoft-account-xdioddbdxwuzhxquhiyi-uexr.work/secure/update.php,1
https://google-login.gq/win-prize.html,1
https://amazon-confirm.com/,1
https://linkedin.com/home,0
https://www.reddit.com/help/faq,0
http://flipkart-billing-ohzvpeiyobaybkcktyqsmjifuv.info/verify-account,1
https://www.linkedin.com/search?q=weather,0
https://sbi-billing-zalykikmapxitnd.info/account/suspended,1
http://t.co/utjx6ew,1
https://www.stackoverflow.com/news/world,0
https://www.hdfcbank.com/docs/getting-started,0
https://www.reddit.com/user/settings,0
https://m.linkedin.com/signin,0
https://gov-refund-update.com/dashboard,1
https://www.yahoo.com/account/update-details,0
https://instagram-secure.com,1
https://microsoft-alert.xyz/secure/update.php,1
https://www.spotify.com/help/faq,0
https://m.khanacademy.org/login,0
https://mail.flipkart.com/blog/2024/updates,0
https://www.mit.edu/en/index.html,0
https://mail.sbi.co.in/user/settings,0
https://wellsfargo-signin-zmzeffbcsfwdqitvcp.cf/win-prize.html,1
https://m.who.int/help/faq,0
http://whatsapp-account-kwnrsgw-rnevetnyorbawz.top/secure/update.php,1
https://www.dropbox.com/about,0
https://news-linkedin.com/products,0
https://www.github.com/,0
https://paypal.com.hdfcbank-verify.info/track-package?id=,1
https://flipkart-support.club/track-package?id=,1
https://m.nytimes.com,0
https://www.netflix.com/en/index.html,0
https://www.flipkart.com/search?q=weather,0
https://m.microsoft.com/blog/2024/updates,0
http://wellsfargo-support-dgguufkczmbuo-c.cf/billing/invoice.php,1
https://mail.sbi.co.in/news/world,0
https://m.khanacademy.org,0
https://bit.ly/bnhjw6q,1
https://183.129.197.107/index.html?redirect=paypal.com,1
http://paypal.com.bankofamerica-alert.gq/verify-account,1
http://244.154.164.32/win-prize.html,1
https://spotify.com/signin,0
http://t.co/ezfmhk4,1
https://www.amazon.com/user/settings,0
https://mail.google.com/blog/2024/updates,0
http://82.168.75.182/confirm?user=1&pass=2,1
https://www.myntra.com/login,0
http://flipkart-confirm-pdarsijergxljhs.tk/index.html?redirect=paypal.com,1
https://paypa1-support.com,1
https://api-dropbox.com/help/faq,0
https://irctc-support.com/index.html,1
https://mail.yahoo.com/user/settings,0
https://irctc.co.in,0
http://hdfcbank.com.paypa1-confirm.xyz/index.html?redirect=paypal.com,1
http://tinyurl.com/bl9ot7t,1
https://instagram-login.ml/win-prize.html,1
http://hdfcbank.com.icici-secure.top/index.html?redirect=paypal.com,1
http://dhl-login-raslkomesrirrhqdwc.com/track-package?id=,1
http://hdfcbank-verify.top/verify-account,1
http://irctc-account-depp-ccvvxxxhrpmekqskkxsbmhk.tk/claim-reward,1
https://mail.amazon.com/account,0
http://icici-verify-zze-onrhy-u-svtyjdm.work/login,1
https://m.adobe.com/watch?v=abc123,0
http://114.130.7.205/confirm?user=1&pass=2,1
http://rb.gy/agrp2u4,1
https://my-adobe.com/en/index.html,0
https://m.linkedin.com/news/world,0
https://mail.linkedin.com/search?q=weather,0
https://hdfcbank.com.fedex-secure.gq/billing/invoice.php,1
https://www.google.com/signin,0
https://dhl-update.com/dashboard,1
https://instagram-update.com/index.html,1
https://www.reddit.com/login,0
https://www.irctc.co.in/about,0
http://230.98.210.18/account/suspended,1
https://www.apple.com/account/update-details,0
https://microsoft-signin-hcnwhdhxadepemv.xyz/login,1
https://news-khanacademy.org/news/world,0
https://www.dropbox.com/watch?v=abc123,0
https://whatsapp-alert.tk/verify-account,1
http://apple.com.whatsapp-verify.tk/confirm?user=1&pass=2,1
https://goo.gl/fqeri7b,1
https://bbc.com/products,0
https://www.yahoo.com/account,0
http://fedex-account-gpmsgsuos-iaablosj.xyz/account/suspended,1
https://13.174.77.67/billing/invoice.php,1
http://gov-refund-signin.gq/win-prize.html,1
https://netflix.com/news/world,0
http://apple.com.whatsapp-signin.info/claim-reward,1
https://www.wikipedia.org/help/faq,0
http://instagram-update.tk/billing/invoice.php,1
https://www.khanacademy.org/user/settings,0
http://77.253.57.55/index.html?redirect=paypal.com,1
http://paypal-account.club/index.html?redirect=paypal.com,1
http://amazon.com.dhl-secure.cf/claim-reward,1
https://api-adobe.com/news/world,0
http://rb.gy/nnuvy8n,1
https://www.yahoo.com/signin,0
https://www.bbc.com/search?q=weather,0
https://www.github.com/signin,0
http://apple-update-oqe-hpznywdulbhrsddigwkdrq.gq/confirm?user=1&pass=2,1
http://42.181.118.220/win-prize.html,1
https://www.yahoo.com/docs/getting-started,0
http://157.74.178.235/reset-password,1
https://www.google.com/home,0
https://www.netflix.com/account,0
http://apple-billing.xyz/confirm?user=1&pass=2,1
http://goo.gl/3oeuvty,1
http://68.56.11.237/verify-account,1
https://www.flipkart.com/help/faq,0
http://gov-refund-verify-gdkdkqplnoyzeehfwq.top/win-prize.html,1
https://facebook-verify-gnbkxxuicmjhvtgj--ut.tk/claim-reward,1
https://paypal.com.instagram-billing.xyz/index.html?redirect=paypal.com,1
https://m.yahoo.com/docs/getting-started,0
https://hdfcbank.com.fedex-alert.ml/billing/invoice.php,1
https://65.199.115.5/track-package?id=,1
https://www.irctc.co.in/signin,0
https://www.bbc.com/about,0
https://khanacademy.org/docs/getting-started,0
https://mail.apple.com/account/update-details,0
http://apple.com.apple-account.club/reset-password,1
https://www.who.int/login,0
http://amazon.com.microsoft-billing.xyz/login,1
http://netflix-verify-ysvbvbqlcbbwkqlxvqmmlqcrs.club/login,1
http://amazon.com.gov-refund-billing.top/confirm?user=1&pass=2,1
https://www.yahoo.com/products,0
http://fedex-verify-uuxwneindwxafwwgmythwnrdakqe.gq/confirm?user=1&pass=2,1
http://11.51.28.9/reset-password,1
http://amazon.com.instagram-signin.work/billing/invoice.php,1
https://google.com/account,0
https://amazon.com.flipkart-account.tk/track-package?id=,1
https://reddit.com/en/index.html,0
https://www.wikipedia.org/docs/getting-started,0
http://hdfcbank.com.sbi-confirm.cf/account/suspended,1
https://hdfcbank-billing.com/home,1
https://www.mit.edu/signin,0
https://icici-alert-ljhiawwjmayzmalhg.gq/reset-password,1
https://www.apple.com/blog/2024/updates,0
http://tinyurl.com/dknwi5f,1
http://hdfcbank-billing-ot-euatyywmsesc.ml/track-package?id=,1
http://facebook-verify-wulgfdxfwfjubrsdymp.work/login,1
http://105.253.146.229/confirm?user=1&pass=2,1
http://apple-signin-eivtrhjsimmuncrchwyftqtywrvp.top/track-package?id=,1
https://apple.com.chase-update.work/account/suspended,1
http://flipkart-alert-ksbvmrmjjpzgadx.xyz/reset-password,1
https://amazon-signin-jmqfdbdpnrjpodmqh-nrdgw.cf/confirm?user=1&pass=2,1
http://microsoft-support-rk-kbfkaiwfsqgsjdkpewihtqjx.gq/verify-account,1
http://whatsapp-confirm-havhorbtvbyiibzysxkw.gq/win-prize.html,1
https://m.sbi.co.in/home,0
https://adobe.com/search?q=weather,0
https://www.adobe.com/search?q=weather,0
https://www.reddit.com/news/world,0
https://www.flipkart.com/signin,0
http://hdfcbank-verify.ml/account/suspended,1
https://www.reddit.com/about,0
http://paypal-support-wvlnrgrtvb-mknyso.xyz/confirm?user=1&pass=2,1
https://mail.nytimes.com/login,0
http://251.115.224.144/account/suspended,1
http://188.6.151.130/secure/update.php,1
https://static-amazon.com/account/update-details,0
http://133.21.134.228/index.html?redirect=paypal.com,1
https://flipkart-verify-eqyjybxczuhfpqayori.cf/claim-reward,1
http://rb.gy/pgba9in,1
https://is.gd/bxf445c,1
https://m.nytimes.com/blog/2024/updates,0
https://netflix-billing.com/home,1
https://www.microsoft.com/search?q=weather,0
http://apple.com.bankofamerica-alert.gq/reset-password,1
https://m.spotify.com/en/index.html,0
http://microsoft-login.gq/index.html?redirect=paypal.com,1
http://paypal.com.paypal-secure.cf/index.html?redirect=paypal.com,1
https://www.spotify.com/watch?v=abc123,0
https://chase-confirm.com/dashboard,1
https://m.flipkart.com/docs/getting-started,0
https://rb.gy/65dlxzf,1
http://wellsfargo-verify.gq/account/suspended,1
https://wellsfargo-login.gq/account/suspended,1
https://hdfcbank.com.google-alert.work/account/suspended,1
http://112.149.57.229/confirm?user=1&pass=2,1
https://google.com/login,0
http://goo.gl/mype46a,1
http://whatsapp-secure-yqxoucryoazsllxslznujvywplguyc.cf/track-package?id=,1
https://apple.com.gov-refund-update.cf/reset-password,1
https://www.spotify.com/user/settings,0
http://74.42.207.187/billing/invoice.php,1
https://news-adobe.com/docs/getting-started,0
https://www.yahoo.com/signin,0
http://t.co/brmqg1v,1
https://shop-apple.com/blog/2024/updates,0
http://t.co/gz9389y,1
https://mail.amazon.com/en/index.html,0
https://mail.nytimes.com/signin,0
http://amazon-confirm.cf/claim-reward,1
https://m.reddit.com/docs/getting-started,0
https://mail.myntra.com/products,0
https://m.github.com/user/settings,0
http://fedex-signin.tk/track-package?id=,1
http://wellsfargo-support.cf/billing/invoice.php,1
http://49.83.89.153/account/suspended,1
https://www.amazon.com/login,0
http://tinyurl.com/w6nyqae,1
https://mail.sbi.co.in/login,0
http://fedex-login-xkixpzkodcmjpmqlmlvikegrjcwnr.gq/confirm?user=1&pass=2,1
https://hdfcbank-verify.com/,1
https://www.myntra.com/home,0
https://www.mit.edu/news/world,0
https://icici-billing.com,1
https://stackoverflow.com/about,0
https://linkedin.com/news/world,0
https://www.netflix.com/news/world,0
https://m.amazon.com/watch?v=abc123,0
https://t.co/yosyeoz,1
https://www.github.com,0
https://www.amazon.com/home,0
https://irctc-support-psoapiyvbewjkoeqfdvixthc.tk/billing/invoice.php,1
https://www.github.com/home,0
http://209.235.188.148/index.html?redirect=paypal.com,1
http://43.162.31.223/claim-reward,1
http://252.128.191.168/account/suspended,1
https://www.amazon.com/home,0
https://www.amazon.com/watch?v=abc123,0
https://www.mit.edu/account/update-details,0
http://whatsapp-confirm.info/index.html?redirect=paypal.com,1
https://spotify.com/watch?v=abc123,0
https://microsoft.com/news/world,0
http://apple-signin-bqwazem-l-yxixxc.com/reset-password,1
https://instagram-alert-njzlsrcqvtcetrticaijhdfmolajc.xyz/login,1
https://mail.dropbox.com/about,0
https://mail.coursera.org/search?q=weather,0
https://cdn1-reddit.com/user/settings,0
https://rb.gy/rvndfdw,1
http://201.157.157.201/verify-account,1
https://mail.amazon.com/about,0
http://amazon-signin.info/verify-account,1
https://api-bbc.com/news/world,0
https://www.reddit.com/search?q=weather,0
http://chase-support-aoh-avsvyccefowhkkkp-gswrxuc.info/login,1
http://t.co/0s1f537,1
https://www.microsoft.com/signin,0
https://www.yahoo.com/signin,0
https://m.google.com/search?q=weather,0
http://hdfcbank.com.netflix-alert.xyz/win-prize.html,1
https://www.mit.edu/user/settings,0
https://flipkart.com/docs/getting-started,0
https://whatsapp-secure-bon-okmr-gavjtqutibovevmsr.ml/win-prize.html,1
http://bankofamerica-billing-pfzumzoqulpqojdesili.com/secure/update.php,1
http://chase-alert.club/confirm?user=1&pass=2,1
https://apple.com/en/index.html,0
https://irctc.co.in/account/update-details,0
https://who.int/account/update-details,0
https://www.flipkart.com/account/update-details,0
http://goo.gl/5xin9dl,1
https://m.github.com/en/index.html,0
http://bankofamerica-support-zn-fjbnxrmowlxtuj.tk/index.html?redirect=paypal.com,1
https://www.dropbox.com/search?q=weather,0
https://mail.microsoft.com/blog/2024/updates,0
https://dhl-secure.com/index.html,1
https://m.irctc.co.in/blog/2024/updates,0
http://240.211.194.61/index.html?redirect=paypal.com,1
https://sbi.co.in/signin,0
https://245.69.153.169/reset-password,1
http://228.131.144.53/win-prize.html,1
https://paypal.com.wellsfargo-verify.top/billing/invoice.php,1
https://www.irctc.co.in/account,0
http://wellsfargo-secure-hycwtjjvojctmbbtaj.work/account/suspended,1
https://m.github.com/watch?v=abc123,0
https://goo.gl/ouz1egn,1
http://google-signin-xlstnymbdlppsiagafblsoby.cf/claim-reward,1
https://www.linkedin.com/news/world,0
https://tinyurl.com/kvzrgol,1
https://www.dropbox.com/docs/getting-started,0
http://97.11.110.72/claim-reward,1
http://paypal.com.irctc-verify.info/reset-password,1
https://github.com/help/faq,0
https://www.myntra.com/search?q=weather,0
https://www.microsoft.com/home,0
https://netflix-alert.com,1
http://paypal.com.whatsapp-billing.ml/reset-password,1
https://mail.linkedin.com/news/world,0
http://dhl-update.ml/billing/invoice.php,1
http://102.81.167.72/claim-reward,1
http://netflix-support.xyz/track-package?id=,1
https://m.myntra.com/products,0
https://m.hdfcbank.com/products,0
https://adobe.com/help/faq,0
http://tinyurl.com/4j3dab4,1
https://static-microsoft.com/home,0
https://m.adobe.com/login,0
https://www.amazon.com,0
http://sbi-update.gq/login,1
https://www.github.com/watch?v=abc123,0
http://hdfcbank.com.wellsfargo-verify.info/claim-reward,1
https://www.bbc.com/watch?v=abc123,0
http://dhl-update.work/confirm?user=1&pass=2,1
https://amazon.com.chase-update.xyz/confirm?user=1&pass=2,1
https://mail.irctc.co.in/help/faq,0
https://www.mit.edu/signin,0
http://rb.gy/y2lofn1,1
http://bit.ly/39e3nwx,1
https://www.dropbox.com/help/faq,0
https://mail.bbc.com/about,0
https://www.yahoo.com/watch?v=abc123,0
